JobID,start_time,end_time,duration
3,1606863808.5421832,1606863811.4122164,2.8700332641601562
5,1606863809.9059515,1606863812.332394,2.4264423847198486
1,1606863808.2784517,1606863813.3009028,5.022451162338257
0,1606863807.0837414,1606863813.3386562,6.2549147605896
2,1606863808.2796338,1606863814.3116784,6.0320446491241455
7,1606863811.6701481,1606863815.3875904,3.717442274093628
4,1606863809.5495772,1606863817.392027,7.84244966506958
6,1606863810.4319751,1606863817.4228857,6.990910530090332
9,1606863812.8348684,1606863817.5511384,4.7162699699401855
8,1606863812.62104,1606863818.438824,5.817783832550049
