JobID,WorkerID,TaskID,start_time,end_time
0,3,0_M2,1606863807.135739,1606863807.1668794
0,2,0_M1,1606863807.1416008,1606863808.1833506
1,3,1_M2,1606863808.32579,1606863808.350398
0,1,0_M0,1606863807.119388,1606863810.1993194
1,1,1_M0,1606863808.2891529,1606863810.1995409
1,1,1_M3,1606863808.3209288,1606863810.1996222
3,1,3_M1,1606863808.5633523,1606863810.199725
5,1,5_M0,1606863809.916593,1606863810.199773
2,2,2_M0,1606863808.3336213,1606863810.2668905
4,2,4_M0,1606863809.5550146,1606863810.2672136
5,2,5_M1,1606863809.9270408,1606863810.2673533
3,3,3_M0,1606863808.5528393,1606863810.3748753
0,1,0_R0,1606863810.2053428,1606863811.2161512
3,2,3_R0,1606863810.3858128,1606863811.3041673
5,3,5_M2,1606863809.9323597,1606863811.4016247
3,3,3_R1,1606863810.3962286,1606863811.4018192
1,2,1_M1,1606863808.2949574,1606863812.320273
5,2,5_R0,1606863811.412441,1606863812.3204818
6,1,6_M0,1606863810.4425335,1606863813.279934
7,1,7_M1,1606863811.6863365,1606863813.2801187
1,1,1_R0,1606863812.3414292,1606863813.2802038
0,2,0_R1,1606863810.2464666,1606863813.3382013
9,2,9_M0,1606863812.8508708,1606863813.3384478
4,3,4_M1,1606863809.5707085,1606863813.4541063
7,3,7_M0,1606863811.675885,1606863813.454252
7,3,7_M3,1606863811.7122726,1606863813.4543226
2,1,2_R0,1606863810.2778342,1606863814.3057656
7,2,7_M2,1606863811.701973,1606863814.3545516
9,2,9_M1,1606863812.8714888,1606863814.3553123
7,1,7_R0,1606863814.3774638,1606863815.343394
8,2,8_M0,1606863812.6265304,1606863815.371699
7,2,7_R1,1606863814.3884509,1606863815.3718674
9,3,9_M2,1606863813.8994343,1606863815.5074663
8,1,8_M1,1606863812.6421666,1606863816.3598428
9,1,9_R1,1606863815.5387423,1606863816.3599846
4,3,4_R0,1606863813.8679128,1606863816.523887
4,1,4_R1,1606863813.8840983,1606863817.3712997
6,2,6_R0,1606863813.894099,1606863817.4020672
9,3,9_R0,1606863815.5283885,1606863817.5302513
8,2,8_R0,1606863816.3756714,1606863818.4180937
