JobID,start_time,end_time,duration
0,1607180892.1557698,1607181292.324251,400.1684811115265
1,1607180897.1549542,1607181297.251234,400.09627985954285
2,1607180902.166378,1607181302.3399057,400.17352771759033
3,1607180907.1738398,1607181307.2940226,400.12018275260925
4,1607180912.184575,1607181312.321095,400.13651990890503
