JobID,start_time,end_time,duration
0,1607176086.0116699,1607176486.1668868,400.15521693229675
1,1607176091.0122826,1607176491.1487546,400.13647198677063
2,1607176095.9991996,1607176496.2236495,400.2244498729706
3,1607176101.0237012,1607176501.14776,400.1240587234497
4,1607176106.0266054,1607176506.1874135,400.16080808639526
