JobID,start_time,end_time,duration
0,1607014527.5979574,1607014535.9624796,8.364522218704224
1,1607014536.1050797,1607014544.4967694,8.391689777374268
2,1607014544.6553836,1607014552.963434,8.308050394058228
3,1607014553.0572968,1607014561.3302333,8.272936582565308
4,1607014561.504725,1607014569.8901534,8.385428428649902
5,1607014570.0497372,1607014578.188855,8.13911771774292
6,1607014578.3314793,1607014586.5321987,8.200719356536865
7,1607014586.6907978,1607014595.127433,8.436635255813599
8,1607014595.2690327,1607014603.6529734,8.383940696716309
9,1607014603.777707,1607014612.2567077,8.479000568389893
