JobID,TaskID,start_time,end_time,duration
0,0_M0,1607176086.0788414,1607176286.0911312,200.01228976249695
1,1_M0,1607176091.0452347,1607176291.0536468,200.00841212272644
2,2_M0,1607176096.0814157,1607176296.087276,200.00586032867432
3,3_M0,1607176101.0631187,1607176301.067838,200.00471925735474
4,4_M0,1607176106.0898037,1607176306.097887,200.00808334350586
0,0_R0,1607176286.1591642,1607176486.1668868,200.00772261619568
1,1_R0,1607176291.1415684,1607176491.1487546,200.0071861743927
2,2_R0,1607176296.2146513,1607176496.2236495,200.00899815559387
3,3_R0,1607176301.1388695,1607176501.14776,200.00889039039612
4,4_R0,1607176306.1800904,1607176506.1874135,200.0073230266571
