JobID,WorkerID,TaskID,start_time,end_time
0,2,0_M1,1606943820.2542932,1606943820.259557
1,2,1_M2,1606943820.6136892,1606943821.276002
4,2,4_M0,1606943821.0574872,1606943821.2761838
0,1,0_M0,1606943820.2480042,1606943821.284854
2,1,2_M1,1606943820.9567902,1606943821.285013
3,1,3_M3,1606943820.9824405,1606943821.2850885
1,3,1_M0,1606943820.6234138,1606943821.659137
2,3,2_M0,1606943820.9608588,1606943821.6593368
2,2,2_M2,1606943820.9574323,1606943822.2925408
3,1,3_M1,1606943820.9773028,1606943822.316341
0,3,0_R0,1606943822.0539713,1606943822.6894407
5,3,5_M1,1606943822.0745683,1606943822.6913605
3,2,3_M2,1606943820.9783828,1606943823.3088057
5,2,5_M0,1606943822.0594542,1606943823.3090107
0,1,0_R1,1606943822.0593,1606943823.358594
4,2,4_M1,1606943821.078083,1606943824.3248138
1,1,1_M1,1606943820.613485,1606943824.3750992
2,1,2_R1,1606943822.337223,1606943824.3753016
7,1,7_M1,1606943823.7777827,1606943824.3754811
3,3,3_M0,1606943820.9813762,1606943824.7138972
2,2,2_R0,1606943822.3135593,1606943825.3407905
6,2,6_M2,1606943822.3886664,1606943825.3409464
5,1,5_M2,1606943822.0798416,1606943825.3817031
6,1,6_M1,1606943822.368171,1606943825.3818443
6,2,6_M0,1606943822.367966,1606943826.3728123
6,2,6_M3,1606943822.3938003,1606943826.373013
8,1,8_M0,1606943824.4874592,1606943826.3984318
8,1,8_M2,1606943824.5079498,1606943826.3985767
7,3,7_M0,1606943823.7724922,1606943826.7670648
1,3,1_R0,1606943824.3964458,1606943826.7671864
3,1,3_R1,1606943824.7301328,1606943827.4303715
7,1,7_R0,1606943826.8156872,1606943827.4305751
4,2,4_R0,1606943824.3457234,1606943827.4348018
8,2,8_M1,1606943824.4876966,1606943827.4349344
8,2,8_M3,1606943824.5081875,1606943827.4349957
3,3,3_R0,1606943824.7349133,1606943827.7835536
6,3,6_R0,1606943826.815564,1606943827.7837617
5,1,5_R1,1606943825.4029198,1606943828.4367726
5,2,5_R0,1606943825.402619,1606943828.4668312
7,2,7_R1,1606943826.8358495,1606943828.467028
9,1,9_M1,1606943825.8140395,1606943829.4426577
9,2,9_M0,1606943825.8137813,1606943829.483356
9,2,9_M2,1606943826.8153389,1606943829.4835405
8,3,8_R0,1606943827.4571362,1606943830.8226032
9,1,9_R0,1606943829.5147285,1606943831.4755075
