JobID,WorkerID,TaskID,start_time,end_time
0,2,0_M1,1606909038.4830532,1606909039.518504
1,2,1_M2,1606909038.7336707,1606909039.5186925
0,1,0_M0,1606909038.4868948,1606909039.544237
1,1,1_M1,1606909038.7233472,1606909039.5444045
1,3,1_M3,1606909038.7429702,1606909039.7439704
1,3,1_M0,1606909038.717247,1606909040.7502065
0,2,0_R1,1606909039.5705352,1606909042.5666778
1,1,1_R0,1606909040.7661963,1606909042.5928416
2,3,2_M0,1606909040.0428288,1606909042.7727726
0,1,0_R0,1606909039.5499105,1606909043.608664
2,1,2_R1,1606909042.799049,1606909043.6089807
3,1,3_M2,1606909042.1888964,1606909044.6253362
4,2,4_M0,1606909042.2189288,1606909044.6300395
2,3,2_R0,1606909042.7785342,1606909044.8048296
3,2,3_M0,1606909042.1682084,1606909045.646484
5,2,5_M0,1606909043.2769628,1606909045.6466584
7,2,7_M2,1606909045.4223633,1606909045.6467388
3,3,3_M1,1606909042.1734295,1606909045.8212667
7,3,7_M0,1606909045.396503,1606909045.821393
8,2,8_M0,1606909045.4940903,1606909046.6728525
7,1,7_M1,1606909045.4119165,1606909046.6887748
7,1,7_M3,1606909045.432675,1606909046.6888642
8,1,8_M1,1606909045.504381,1606909046.6890821
6,3,6_M0,1606909044.5891013,1606909046.837707
7,3,7_R0,1606909046.715175,1606909046.8378592
5,2,5_R0,1606909045.6676037,1606909047.6946166
4,1,4_R0,1606909044.6478975,1606909047.704758
6,1,6_R0,1606909046.8586364,1606909047.7049549
9,3,9_M0,1606909047.6384587,1606909047.864391
4,2,4_R1,1606909044.6633263,1606909048.7009346
5,1,5_R1,1606909045.688313,1606909048.7111742
8,2,8_R0,1606909046.7359157,1606909048.7011476
7,1,7_R1,1606909046.7153208,1606909048.7112632
9,1,9_M1,1606909047.649506,1606909048.7113037
3,2,3_R0,1606909045.8319337,1606909049.707423
6,2,6_R1,1606909046.8690681,1606909049.7076354
9,2,9_M2,1606909047.6588337,1606909049.7076914
8,3,8_R1,1606909046.7461495,1606909049.8765624
9,3,9_M3,1606909047.6641333,1606909050.8926911
9,1,9_R0,1606909050.93085,1606909052.9786882
