JobID,start_time,end_time,duration
0,1606953444.00637,1606953449.2130914,5.206721305847168
1,1606953445.3072593,1606953452.3358595,7.028600215911865
2,1606953447.8713906,1606953453.308952,5.437561511993408
4,1606953450.1781566,1606953456.3845468,6.206390142440796
3,1606953449.0099366,1606953457.2069104,8.19697380065918
7,1606953452.0324006,1606953457.4155505,5.383149862289429
5,1606953450.9338973,1606953458.3454366,7.411539316177368
9,1606953453.9802225,1606953458.4420156,4.4617931842803955
6,1606953451.073326,1606953459.225056,8.151729822158813
8,1606953452.7274606,1606953459.4533389,6.7258782386779785
