JobID,start_time,end_time,duration
0,1607030049.9843574,1607030060.653029,10.668671607971191
1,1607030060.787494,1607030071.557996,10.770502090454102
2,1607030071.692824,1607030082.4577832,10.764959335327148
3,1607030082.6194994,1607030094.4390936,11.819594144821167
4,1607030094.5383575,1607030105.7911735,11.252815961837769
