JobID,start_time,end_time,duration
2,1606930743.2554872,1606930745.7084494,2.4529621601104736
1,1606930742.6103106,1606930746.7147617,4.1044511795043945
0,1606930741.3347301,1606930748.5303323,7.195602178573608
3,1606930743.3576427,1606930748.5305212,5.1728785037994385
4,1606930746.6204023,1606930753.6373496,7.016947269439697
9,1606930750.2776682,1606930753.8255072,3.5478389263153076
5,1606930748.125462,1606930754.86157,6.73610782623291
6,1606930749.212888,1606930755.6548636,6.4419755935668945
7,1606930749.6770267,1606930755.6703317,5.993304967880249
8,1606930750.2472107,1606930756.8892956,6.642084836959839
