JobID,start_time,end_time,duration
0,1607029123.2459702,1607029134.152625,10.906654834747314
1,1607029134.2671652,1607029144.6491883,10.382023096084595
2,1607029144.8092394,1607029155.4569385,10.647699117660522
3,1607029155.642861,1607029167.3347948,11.691933870315552
4,1607029167.382524,1607029178.3253396,10.94281554222107
5,1607029178.4318428,1607029189.5067139,11.074871063232422
6,1607029189.6111097,1607029200.0725365,10.461426734924316
7,1607029200.1769485,1607029210.59859,10.42164134979248
8,1607029210.7492077,1607029221.2286053,10.479397535324097
9,1607029221.3584545,1607029231.7679799,10.409525394439697
