JobID,TaskID,start_time,end_time,duration
0,0_M2,1606941588.8379056,1606941588.863401,0.025495290756225586
0,0_M1,1606941588.8813918,1606941589.8976974,1.016305685043335
0,0_M0,1606941588.8556805,1606941591.920287,3.0646064281463623
0,0_R0,1606941591.925962,1606941592.9265764,1.0006144046783447
1,1_M1,1606941593.9142,1606941593.983762,0.06956195831298828
5,5_M1,1606941595.6596615,1606941595.695518,0.03585648536682129
1,1_M2,1606941593.9479916,1606941596.011243,2.063251495361328
1,1_M3,1606941593.9838629,1606941596.0572183,2.0733554363250732
3,3_M0,1606941594.5128126,1606941597.0277057,2.514893054962158
1,1_M0,1606941593.9089787,1606941597.0626864,3.15370774269104
2,2_M0,1606941594.201469,1606941597.0628495,2.8613805770874023
3,3_M1,1606941594.5231059,1606941597.0629268,2.539820909500122
6,6_M0,1606941595.6767156,1606941597.0630293,1.3863136768341064
7,7_M2,1606941596.626354,1606941597.063074,0.4367201328277588
4,4_M0,1606941595.1293032,1606941598.0442033,2.914900064468384
5,5_M2,1606941595.6612582,1606941598.044346,2.3830878734588623
5,5_M0,1606941595.64571,1606941598.0794425,2.433732509613037
2,2_R0,1606941597.0892017,1606941598.0795958,0.990394115447998
2,2_R1,1606941597.0995145,1606941598.0796587,0.9801442623138428
6,6_R0,1606941597.1252434,1606941598.0797415,0.9544980525970459
8,8_M2,1606941597.4370854,1606941598.0797803,0.6426949501037598
7,7_M0,1606941596.6056004,1606941598.744171,2.138570547103882
8,8_M0,1606941597.4212,1606941598.7443154,1.323115348815918
1,1_R0,1606941597.0785413,1606941599.0506856,1.972144365310669
8,8_M1,1606941597.431648,1606941599.0508175,1.6191694736480713
5,5_R1,1606941598.9865177,1606941599.0509543,0.06443667411804199
1,1_R1,1606941597.078798,1606941599.0961845,2.0173864364624023
5,5_R0,1606941598.9659586,1606941599.0964217,0.1304631233215332
9,9_M0,1606941597.944034,1606941599.7606947,1.8166606426239014
7,7_M1,1606941596.621061,1606941600.0571442,3.4360830783843994
9,9_M1,1606941598.950353,1606941600.1230125,1.1726596355438232
4,4_R0,1606941598.965839,1606941600.1231577,1.1573188304901123
8,8_R0,1606941599.0720277,1606941601.0730257,2.000998020172119
8,8_R1,1606941599.0875263,1606941601.0779855,1.9904592037200928
3,3_R0,1606941597.109771,1606941601.1396189,4.029847860336304
7,7_R0,1606941600.073047,1606941602.1459825,2.0729355812072754
9,9_R0,1606941600.1286519,1606941603.1624827,3.0338308811187744
7,7_R1,1606941600.083363,1606941604.1168396,4.0334765911102295
