JobID,WorkerID,TaskID,start_time,end_time
0,2,0_M0,1607398728.1238642,1607398733.1363266
0,2,0_M1,1607398728.1858032,1607398733.1973734
1,1,1_M0,1607398730.1128306,1607398735.115998
1,2,1_M1,1607398730.1336665,1607398735.1350791
2,1,2_M0,1607398732.1443667,1607398737.1443732
2,2,2_M1,1607398732.1474242,1607398737.172545
0,2,0_R0,1607398733.2569754,1607398738.2630558
0,2,0_R1,1607398733.2989879,1607398738.3071175
3,1,3_M0,1607398734.1373646,1607398739.1378021
3,2,3_M1,1607398734.1703815,1607398739.1794314
1,1,1_R0,1607398735.1982799,1607398740.2129803
1,2,1_R1,1607398735.278417,1607398740.2784295
4,3,4_M0,1607398736.1216722,1607398741.126361
4,1,4_M1,1607398736.193123,1607398741.1992128
2,1,2_R1,1607398737.2694046,1607398742.269411
2,2,2_R0,1607398737.2733922,1607398742.277352
5,2,5_M0,1607398738.1646812,1607398743.1701791
5,3,5_M1,1607398738.185491,1607398743.1889715
3,2,3_R0,1607398739.223974,1607398744.223986
3,2,3_R1,1607398739.2660573,1607398744.280584
6,1,6_M0,1607398740.1561716,1607398745.159572
6,2,6_M1,1607398740.1513972,1607398745.1597836
4,1,4_R0,1607398741.2357454,1607398746.2639818
4,1,4_R1,1607398741.2708528,1607398746.274089
7,3,7_M1,1607398742.142684,1607398747.1463783
7,2,7_M0,1607398742.2053955,1607398747.205396
5,1,5_R1,1607398743.2412221,1607398748.2463017
5,2,5_R0,1607398743.2765582,1607398748.2792103
8,2,8_M0,1607398744.188262,1607398749.2044146
8,3,8_M1,1607398744.192494,1607398749.1924956
6,2,6_R0,1607398745.2334576,1607398750.2437844
6,2,6_R1,1607398745.234252,1607398750.2438931
9,2,9_M1,1607398746.1570199,1607398751.1590633
9,1,9_M0,1607398746.1742094,1607398751.176644
7,1,7_R0,1607398747.3080235,1607398752.3126516
7,1,7_R1,1607398747.3977656,1607398752.4027975
8,2,8_R0,1607398749.3171618,1607398754.3238418
8,2,8_R1,1607398749.3514712,1607398754.3558295
9,2,9_R0,1607398751.235704,1607398756.238933
9,2,9_R1,1607398751.2876332,1607398756.2962193
