JobID,start_time,end_time,duration
0,1607000187.5428267,1607000193.9516675,6.408840894699097
1,1607000193.997937,1607000200.0797453,6.08180832862854
2,1607000200.1312244,1607000206.545972,6.414747714996338
3,1607000206.5821304,1607000211.6171236,5.0349931716918945
4,1607000211.653351,1607000218.9630527,7.309701681137085
5,1607000219.0145645,1607000223.5257378,4.511173248291016
6,1607000223.567044,1607000230.1672769,6.600232839584351
7,1607000230.2238588,1607000235.543691,5.31983208656311
8,1607000235.5952156,1607000241.660513,6.065297365188599
9,1607000241.6865914,1607000246.1146042,4.428012847900391
