JobID,start_time,end_time,duration
0,1607002020.6576045,1607002028.1619303,7.504325866699219
1,1607002028.1929834,1607002032.70762,4.514636516571045
2,1607002032.759032,1607002038.3465946,5.587562561035156
3,1607002038.3828588,1607002042.6178613,4.235002517700195
4,1607002042.6642706,1607002045.051363,2.387092351913452
5,1607002045.0620852,1607002052.4178765,7.355791330337524
6,1607002052.474425,1607002057.0993745,4.6249494552612305
7,1607002057.120254,1607002060.4150739,3.2948198318481445
8,1607002060.4715815,1607002065.2676792,4.796097755432129
9,1607002065.3192997,1607002070.8843493,5.565049648284912
