JobID,start_time,end_time,duration
1,1606941118.2361126,1606941119.3017926,1.0656800270080566
0,1606941117.9338348,1606941123.3374019,5.40356707572937
3,1606941119.5907276,1606941125.3697233,5.778995752334595
2,1606941119.464817,1606941125.545533,6.080715894699097
7,1606941122.9900413,1606941125.5662475,2.5762062072753906
4,1606941121.4036121,1606941127.1568074,5.753195285797119
5,1606941121.8469944,1606941128.469625,6.622630596160889
6,1606941122.2803364,1606941129.606066,7.325729608535767
9,1606941125.135245,1606941131.4926562,6.35741114616394
8,1606941124.7946322,1606941132.5090234,7.714391231536865
