JobID,start_time,end_time,duration
0,1607163852.5499501,1607163857.2217052,4.671755075454712
1,1607163857.3556972,1607163861.9838457,4.628148555755615
2,1607163862.0464158,1607163866.8750956,4.828679800033569
3,1607163866.968454,1607163871.701377,4.7329230308532715
4,1607163871.8359175,1607163876.8154233,4.979505777359009
5,1607163876.8990705,1607163880.6742299,3.7751593589782715
6,1607163880.77039,1607163885.2495236,4.479133605957031
7,1607163885.446029,1607163889.4643378,4.018308877944946
8,1607163889.5079422,1607163894.3550234,4.847081184387207
9,1607163894.5148482,1607163899.1672175,4.652369260787964
