JobID,start_time,end_time,duration
0,1607398876.022843,1607398886.140561,10.11771821975708
1,1607398878.0239604,1607398888.1556952,10.131734848022461
2,1607398880.0267816,1607398890.211201,10.184419393539429
3,1607398882.0301712,1607398892.1663783,10.136207103729248
4,1607398884.029956,1607398894.1970131,10.167057037353516
5,1607398886.0358675,1607398897.26083,11.22496247291565
6,1607398888.0356119,1607398898.1851096,10.149497747421265
7,1607398890.0507712,1607398900.2368226,10.186051368713379
8,1607398892.0527244,1607398902.3027813,10.250056982040405
9,1607398894.0546024,1607398904.2287931,10.174190759658813
